Year,Birth Rate,Mortality Rate,Divorces,
2021,7.949348585545634,13.212109580111647,1.9789038866191522,
