Year,Birth Rate,Mortality Rate,Divorces,
2021,8.22663301913609,11.535952046851245,2.4679519852714074,
