Year,Birth Rate,Mortality Rate,Divorces,
2021,8.88477346020592,9.517044546925161,2.133609742081495,
2022,8.527678117445122,9.672881505831244,2.0475354931148253,
2023,8.738428858707845,11.929902907720592,2.7472128625342505,
