Year,Birth Rate,Mortality Rate,Divorces,
2021,8.498735446240351,9.72131539098914,1.6285406566802016,
2022,8.429181494992159,9.704206699534321,2.106479685841102,
2023,8.106516683438983,10.181007353682576,2.0991544492836267,
2024,8.744774537209684,10.297417586792577,1.9144829211442298,
2025,8.26527447668901,10.664505491120462,2.091395710088086,
2026,7.896026221197982,10.446214268097386,1.7908616039852197,
2027,8.196091079671843,10.337352863368281,2.142430212445312,
2028,8.130487552695541,10.245286669497727,1.9159443705258477,
