Year,Birth Rate,Mortality Rate,Divorces,
2021,8.447766806610424,9.059022921260654,3.6867234673605407,
