Year,Birth Rate,Mortality Rate,Divorces,
2021,28.10990145262767,15.445828824413187,2.7334079469491637,
2022,26.748985756391463,15.702443105967296,2.5128760305984814,
2023,25.058634274117438,16.43809292332208,2.9810113650645667,
