Year,Birth Rate,Mortality Rate,Divorces,
2021,9.463906828288785,9.114160197985933,2.531475884850164,
2022,8.910351880785193,9.238125854959714,2.573428218013767,
2023,8.690025869503058,8.950199556927895,2.311229740559403,
