Year,Birth Rate,Mortality Rate,Divorces,
2021,11.339964564478876,15.61774858887859,2.2502535898950002,
2022,10.57444345419297,15.794147004694803,2.218227104183891,
2023,9.95540183232534,16.68694680517671,2.140422845837568,
