Year,Birth Rate,Mortality Rate,Divorces,
2021,9.289874729477038,8.879007164591908,2.709188242198848,
2022,9.255962473247882,8.92032101167244,2.9728827412354946,
2023,8.564946145929024,9.962191232563052,2.739522095621043,
