Year,Birth Rate,Mortality Rate,Divorces,
2021,10.71811589073343,18.147995037468917,4.124796097944309,
2022,8.94195887164124,16.31084434655673,0.8143322475570033,
