Year,Birth Rate,Mortality Rate,Divorces,
2021,10.38371787461316,9.169578909883386,2.3190656709903372,
2022,10.342032932191698,9.889877797132257,2.356104786471122,
2023,9.91710944872917,9.580225507817177,2.5255290690087193,
