Year,Birth Rate,Mortality Rate,Divorces,
2021,8.768125693548724,7.5773293303692295,2.8614970813467515,
2022,8.75295451779295,9.392419789000087,2.739568774113465,
2023,9.606895418176167,9.031103504201797,2.9702975454858023,
