Year,Birth Rate,Mortality Rate,Divorces,
2021,10.859890798336815,7.842797204729882,1.778357316792467,
2022,10.762237374681071,9.203854937156196,2.2602288035803104,
2023,10.672616534941737,9.828686147112546,3.385565798102185,
