Year,Birth Rate,Mortality Rate,Divorces,
2021,9.111187339200077,8.787719295937578,2.7671952159642603,
2022,9.049592042992328,9.282806332657747,2.667577737820945,
2023,8.876230636116304,10.08162372365955,2.8930833823535496,
