Year,Birth Rate,Mortality Rate,Divorces,
2021,8.206061302675872,9.275034191345235,3.091538047040358,
2022,7.92003635657582,10.375149029966638,3.3232676432115933,
2023,8.552061071522091,10.297027346872019,2.666161116726609,
