Year,Birth Rate,Mortality Rate,Divorces,
2021,8.538869980090665,7.960252978645306,2.5390927385072404,
2022,8.747192098365666,10.560917659769453,2.7858134836534534,
2023,8.958056010132205,10.633959949805522,2.6317662090586986,
