Year,Birth Rate,Mortality Rate,Divorces,
2021,8.81150059257654,9.748717364737729,2.92496498719054,
2022,8.421338660043427,10.2451551999206,2.7156272891711826,
2023,8.484790927843212,11.105045473957738,3.6651398845614036,
