Year,Birth Rate,Mortality Rate,Divorces,
2021,10.572847444580256,15.089237645004063,2.4081720732190615,
2022,10.87468849536453,16.717813730249944,2.287656433345011,
2023,9.99152029695162,16.875946850750093,2.260893601629337,
