Year,Birth Rate,Mortality Rate,Divorces,
2021,8.500134083048692,9.281453278143013,2.8071706844111124,
2022,7.842545588346799,10.523062532961301,2.4070251081482557,
2023,8.260119401193215,11.386749537042549,3.2419814319485787,
