Year,Birth Rate,Mortality Rate,Divorces,
2021,27.446075589320657,15.568958174484855,2.2677138445017353,
2022,27.05664119110814,16.080137846818882,2.193358952314254,
2023,25.61412133915166,16.82912400760114,2.199030613148091,
