Year,Birth Rate,Mortality Rate,Divorces,
2021,10.51614714768909,9.253901344844126,2.7110183544586595,
2022,10.836708521458633,9.442877426481108,2.787095343306571,
2023,10.3214224522333,9.688292645478175,2.864526691797157,
