Year,Birth Rate,Mortality Rate,Divorces,
2021,8.54236547975535,9.620410063741845,2.500107214891953,
2022,8.81046638519699,10.13711484198847,2.50530499481502,
2023,8.80877895200847,10.262226811250157,2.7658280739685552,
