Year,Birth Rate,Mortality Rate,Divorces,
2021,9.203601334501284,8.853461025331686,2.3816025284974316,
2022,8.845007460220119,9.031596105205123,2.502602485686827,
2023,8.973007660295346,8.579006723303312,2.151049539222883,
