Year,Birth Rate,Mortality Rate,Divorces,
2021,10.524516891622158,8.021488605095927,2.9430756134027556,
2022,10.69837176477698,8.256799760408155,2.872095379592379,
2023,10.29822954947155,10.462960770853151,3.150341877893418,
