Year,Birth Rate,Mortality Rate,Divorces,
2021,36.21838105042835,15.65098165240145,2.1611830782894614,
2022,35.113941061011126,15.994148611922917,2.4723644254820676,
2023,34.031866494567986,16.20378682593962,2.846795363731845,
