Year,Birth Rate,Mortality Rate,Divorces,
2021,9.658950331126817,12.062562154114739,0.819672131147541,
2022,9.152491545981915,17.484157330642233,0.0,
