Year,Birth Rate,Mortality Rate,Divorces,
2021,10.983630204813522,15.141215284156807,2.244716936006344,
