Year,Birth Rate,Mortality Rate,Divorces,
2021,8.413448721030305,9.509672359632773,3.109368699768659,
2022,7.991777699039699,9.96960525046969,2.537652378863979,
2023,8.069461947219537,9.902204330338462,2.2934055344989,
