Year,Birth Rate,Mortality Rate,Divorces,
2021,7.941454880681299,14.561592469370488,1.9968986416476233,
