Year,Birth Rate,Mortality Rate,Divorces,
2021,7.563183092548119,9.063974518786798,1.526071228653829,
2022,7.920853124112156,9.67215166896687,1.7093871487127799,
2023,7.540716961538062,9.984705542313662,1.876061788155474,
