Year,Birth Rate,Mortality Rate,Divorces,
2021,27.17331002887766,15.23247181390998,2.19144367431228,
2022,26.87240714189083,15.258638629847614,2.096836082100035,
2023,26.407311810642952,16.096281143864374,1.781290369933534,
