Year,Birth Rate,Mortality Rate,Divorces,
2021,9.14986555986757,9.12111304189319,2.7954100290061294,
2022,8.607171744987484,9.87351284603442,2.5586927205051433,
2023,9.023766239672522,9.383702800744464,3.0409025576067674,
