Year,Birth Rate,Mortality Rate,Divorces,
2021,9.015843444134083,7.877445808654103,2.507191812801451,
2022,9.05632845323165,8.471616810252593,3.1528318059572578,
2023,8.948808685647073,8.272838701483721,3.304866450759139,
