Year,Birth Rate,Mortality Rate,Divorces,
2021,8.205477404837824,9.371188713828623,2.975029011247616,
2022,7.940300767208578,10.298594532985106,2.9166510023682015,
2023,8.435431157903832,11.184569143967165,2.9007984761379806,
