Year,Birth Rate,Mortality Rate,Divorces,
2021,9.010723806911628,8.89589921886965,2.1949554795871626,
2022,8.37900515675856,10.0870432072457,1.9938164021432914,
2023,8.916314533387334,9.027198336033782,2.0758892848036057,
