Year,Birth Rate,Mortality Rate,Divorces,
2021,10.520331696988405,9.955211158563932,2.4613553668299457,
2022,9.82453661583981,8.994951715217598,2.3816658384339746,
2023,10.19377558160656,10.539516465192207,2.489237972122719,
