Year,Birth Rate,Mortality Rate,Divorces,
2021,7.907184795346884,16.881380193689502,0.777000777000777,
