Year,Birth Rate,Mortality Rate,Divorces,
2021,8.311369595006912,9.579044538616522,1.9622940681085401,
2022,8.823330818411245,10.986689365681018,2.7297958216322065,
2023,8.579843207385093,10.488763710531853,2.3535551608904783,
