Year,Birth Rate,Mortality Rate,Divorces,
2021,9.921604687778798,16.535339302406925,1.6570190268891491,
2022,13.875652537232998,20.408350414430057,1.6359920937085568,
