Year,Birth Rate,Mortality Rate,Divorces,
2021,8.919105519301212,9.11006566498165,2.4956930089335825,
2022,8.522210603324199,8.895759945004984,2.998685974565232,
2023,8.416921188858973,8.596200038942994,2.5570083491147093,
