Year,Birth Rate,Mortality Rate,Divorces,
2021,8.650441214919727,10.855209553833978,2.148962651546975,
2022,8.891369888359002,9.987656327805004,2.367659064350393,
2023,9.064138467675761,10.8434895684425,2.4086971135245405,
