Year,Birth Rate,Mortality Rate,Divorces,
2021,10.84851400807863,15.427290631083265,2.5133888504989557,
2022,9.394595156508682,15.884476043058344,2.3752324469061907,
2023,10.40483840317987,16.63120076695744,2.308093391354783,
