Year,Birth Rate,Mortality Rate,Divorces,
2021,10.842135222905126,8.528536714257747,2.45766462030084,
2022,11.199713989121328,9.8404205141774,2.7132664231820676,
2023,11.005050925523921,9.382624085172228,2.752691133881188,
