Year,Birth Rate,Mortality Rate,Divorces,
2021,14.018582560543729,14.85383881532401,4.135731698915575,
2022,14.625044901596377,16.253108961785625,2.4430010627932797,
