Year,Birth Rate,Mortality Rate,Divorces,
2021,8.59317721347294,8.564943898008293,3.712533057695685,
2022,9.119252927649345,9.089640454603261,2.427904349916822,
2023,8.76772380115341,9.12021153714261,2.578124218034067,
