Year,Birth Rate,Mortality Rate,Divorces,
2021,9.08624203539091,8.550223097663475,2.718400507902712,
2022,8.951421025329953,8.880184388759849,2.308917546440523,
2023,9.225150599974953,9.526128369536176,2.9280443053871172,
