Year,Birth Rate,Mortality Rate,Divorces,
2021,10.91131837793234,14.60392154463675,2.412713552243986,
