Year,Birth Rate,Mortality Rate,Divorces,
2021,8.300150115730508,7.363675895163028,4.152740563799551,
2022,8.71347105298048,7.5206950920135185,3.434301164015391,
2023,8.599439325536595,7.8151580362145925,4.164238059969073,
