Year,Birth Rate,Mortality Rate,Divorces,
2021,10.738701657816854,15.518741186199103,2.3695210231484265,
2022,10.882394866575158,15.78451995159725,2.2203232817950296,
2023,9.609118501350828,16.113155951151864,2.5124470213764094,
