Year,Birth Rate,Mortality Rate,Divorces,
2021,27.238143638655593,15.134751296428359,2.2786285348939335,
2022,27.337727792494373,15.990419441172513,2.5809525718067943,
2023,25.920730432600337,16.851642855978827,2.3230211072865377,
