Year,Birth Rate,Mortality Rate,Divorces,
2021,10.244947658762182,9.345530201628577,3.055672124103778,
2022,10.449118277553326,9.915162839241082,2.9660669565289477,
2023,10.627024518120775,10.192390004248086,2.9282550932078117,
