Year,Birth Rate,Mortality Rate,Divorces,
2021,9.01283312857952,9.001627054104441,2.4403727219276203,
2022,9.207248083640884,9.20536539319685,2.778629363529627,
2023,8.591652174096573,8.866684008607056,2.4169150081581416,
