Year,Birth Rate,Mortality Rate,Divorces,
2021,11.05077049042647,9.715272583068483,2.8458522307408467,
2022,11.028106279397733,8.606322262559084,2.2608949304226784,
2023,11.043817033214708,10.70555304718702,2.8026383749664974,
