Year,Birth Rate,Mortality Rate,Divorces,
2021,83.92359050762848,14.689088775564201,3.024587602984792,
2022,81.13113772585754,16.583006252469627,2.3998488469469805,
2023,78.30585380817234,15.968819146045531,1.9810327381025792,
