Year,Birth Rate,Mortality Rate,Divorces,
2021,8.846318119588377,9.957420241936084,1.9812722098697262,
2022,8.59206976883581,9.644872237806517,2.6742968179043896,
2023,8.774509451830614,10.28423346688806,2.7847196462256125,
