Year,Birth Rate,Mortality Rate,Divorces,
2021,8.59317721347294,8.564943898008293,3.712533057695685,
2022,9.323438535382987,9.057508776469573,2.6643185958171123,
2023,8.877294846996366,9.285264482166461,2.8975791869138052,
