Year,Birth Rate,Mortality Rate,Divorces,
2021,10.608519378135918,10.060957594250114,1.3345523756059559,
2022,10.551681130040775,8.973706718648726,1.4832381817649483,
2023,10.397269108744204,9.629120061341208,2.046338321964839,
