Year,Birth Rate,Mortality Rate,Divorces,
2021,8.540085824559707,8.988546364908304,2.4624635803850583,
2022,8.466382403629213,9.937263395549005,3.019408173550645,
2023,8.288574755816157,9.996833678068304,2.3638203536714735,
