Year,Birth Rate,Mortality Rate,Divorces,
2021,8.530292504350454,9.377463964856299,2.111872595719328,
2022,8.590860470164483,10.035717158824074,2.0667395191679416,
2023,8.060172643557275,9.839581603297836,1.9013111152049302,
2024,8.23231336300389,10.209979211116147,1.9790693745096883,
2025,8.26991752538079,10.652157586579,2.133678102272242,
2026,8.41599686241958,11.00362051621778,1.7514678375334487,
2027,8.312485615893038,11.183454853663157,1.8186645693745211,
2028,7.753301400143529,10.734037002945257,1.8963529927006473,
