Year,Birth Rate,Mortality Rate,Divorces,
2021,28.19566735444772,14.88588580910808,2.8170572551120943,
2022,26.675471390573406,15.330710391431975,2.874797846921763,
2023,25.615339409294503,16.117321574999632,2.7453518015745795,
