Year,Birth Rate,Mortality Rate,Divorces,
2021,8.748246770508665,8.808327526118982,3.3927496505285526,
2022,8.869545405485155,9.700703897849614,2.948268957375305,
2023,8.996695750944875,9.445236612558066,2.6913869919421702,
