Year,Birth Rate,Mortality Rate,Divorces,
2021,10.60359614148097,15.90304957646951,0.6610482120563133,
2022,7.85776170710042,15.39495583843077,1.6389297477858698,
