Year,Birth Rate,Mortality Rate,Divorces,
2021,8.068813738381573,9.024259089341616,1.7446455933694565,
2022,9.234100312546532,9.800164402089763,2.1326941132713277,
2023,8.567186414238078,9.771947374569397,1.7405735250886074,
2024,8.444864476288652,10.276145276722247,2.0708514087806384,
2025,8.39167464206148,10.469935798008745,2.1305073297402486,
2026,8.183805663866352,10.929237123232511,1.9085007690745293,
2027,7.874963810874962,10.734189198893406,1.923143421952272,
2028,8.090831223684855,10.823885035982716,2.217197542302773,
