Year,Birth Rate,Mortality Rate,Divorces,
2021,8.866143955562276,9.60473152161683,2.163114408711289,
2022,9.18022522684095,9.62408285295043,2.118888162548761,
2023,8.874169344585477,11.078706684705695,2.517310166562078,
