Year,Birth Rate,Mortality Rate,Divorces,
2021,10.310663011600841,9.566043659478467,2.208711597834505,
2022,10.236873408217948,9.767571824601031,1.6678578356965397,
2023,10.033139869359168,10.154880940124205,1.9451816323553726,
