Year,Birth Rate,Mortality Rate,Divorces,
2021,7.3498285475065375,9.093196149443985,1.7861673893334988,
2022,7.446406950396705,9.758136845069352,1.6908075589255904,
2023,7.541219850190975,9.645699905149346,1.7156369776198217,
