Year,Birth Rate,Mortality Rate,Divorces,
2021,10.348277275103172,9.689223887978605,2.2332690517270812,
2022,9.812680882048847,10.18891029111001,1.8417588256802482,
2023,10.752175752833665,10.320315451495443,1.9657204759727676,
