Year,Birth Rate,Mortality Rate,Divorces,
2021,8.893870701917065,9.813039590357711,2.125172525653113,
2022,8.63872705025549,9.355545644292555,2.7689413574360606,
2023,8.535664820055478,9.809622257467987,2.6395977067875784,
