Year,Birth Rate,Mortality Rate,Divorces,
2021,31.419987927079926,15.276921592487353,3.0228915826795557,
2022,30.619784461701556,16.075991879501228,2.9030167655973576,
2023,30.545747288889384,17.364529139383084,2.688310684842976,
