Year,Birth Rate,Mortality Rate,Divorces,
2021,9.945530853940134,19.903382110335148,0.8291873963515755,
2022,10.616423144259441,10.637303904767247,4.894031465968294,
