Year,Birth Rate,Mortality Rate,Divorces,
2021,31.65605047365183,15.202388832036231,3.0399137776538123,
2022,30.12227674411353,15.256588746840752,2.732995622561491,
2023,29.453828101064097,17.278541201207844,2.735349526683694,
