Year,Birth Rate,Mortality Rate,Divorces,
2021,10.676607399522544,14.648369871214662,2.0770743525491424,
2022,11.224950133950742,15.004167882682648,2.5442286816689923,
2023,9.831961417238343,16.92426998605656,2.410254209291158,
