Year,Birth Rate,Mortality Rate,Divorces,
2021,9.908908485637982,9.477406116265652,2.0776561246481986,
2022,9.946182240686877,10.427830866961102,1.8713490886849384,
2023,9.833449013277614,10.179845605915624,2.359180427091017,
