Year,Birth Rate,Mortality Rate,Divorces,
2021,10.794729200616558,8.258819395533644,2.677495814594689,
2022,10.749377150662736,11.036019229137388,2.507829488006105,
2023,10.516534625884582,10.517115148291797,1.9191376956584254,
