Year,Birth Rate,Mortality Rate,Divorces,
2021,8.668525253283029,9.840305439733585,2.1799935843524496,
2022,8.269518771366666,9.593960905582437,1.9192072609397997,
2023,8.33716341449114,9.517202261450683,1.849924825598348,
