Year,Birth Rate,Mortality Rate,Divorces,
2021,14.02659193671014,15.248802910537552,1.8935154625837498,
2022,13.888331492268902,16.049642512385148,1.783826947077324,
2023,12.736616901258053,16.339717716679015,1.7409341234832596,
