Year,Birth Rate,Mortality Rate,Divorces,
2021,11.345314405436138,8.89276731969116,0.8123476848090982,
2022,9.06743087206074,6.845439646674109,0.0,
