Year,Birth Rate,Mortality Rate,Divorces,
2021,8.306094500404273,10.265310176979124,2.3074275826800643,
2022,8.518338627581006,11.074660331430636,2.5016744035969074,
2023,8.404965336298739,9.803494168584876,2.6330821848348376,
