Year,Birth Rate,Mortality Rate,Divorces,
2021,9.535208923023259,18.295435219319156,1.191108449247627,
