Year,Birth Rate,Mortality Rate,Divorces,
2021,8.357931023361923,9.51402182750058,2.0558743759771145,
2022,8.498268989003051,9.576550062487343,2.2120375583495138,
2023,8.492744741885579,10.141751330442169,1.9590044809195417,
