Year,Birth Rate,Mortality Rate,Divorces,
2021,9.179712295150066,8.280129771149122,2.760763510238549,
2022,9.073223977253392,9.369597217879539,2.8476365954363936,
2023,8.986282959660262,9.044542829810682,2.702948212045887,
