Year,Birth Rate,Mortality Rate,Divorces,
2021,10.826194328349226,15.206616401450828,2.4482192321390652,
2022,10.582347956922346,15.46076625521519,2.8177361403426646,
2023,10.499445136357698,17.433794394142648,2.1769154947657383,
