Year,Birth Rate,Mortality Rate,Divorces,
2021,18.908405944465034,15.48829914944663,2.601308243805224,
2022,19.110500442845353,15.94550499501015,2.2554177178731645,
2023,17.757700522988785,16.30734622187053,2.7242689205840978,
