Year,Birth Rate,Mortality Rate,Divorces,
2021,9.02417084608631,9.43735965749287,3.168151471273739,
2022,9.099834743827932,9.933340346389812,2.930058888489359,
2023,9.141741216962682,9.314174616314979,2.6718276156890797,
