Year,Birth Rate,Mortality Rate,Divorces,
2021,8.985143777220518,9.684775608489394,2.1643544563088764,
2022,8.681753981402242,10.307228401100556,2.068433586918511,
2023,8.70532142533457,10.106524531243645,2.4560962900997203,
