Year,Birth Rate,Mortality Rate,Divorces,
2021,10.750719935790865,25.593373462504836,1.656337703595796,
2022,11.398802447692239,14.662719325675031,1.6386795505412812,
