Year,Birth Rate,Mortality Rate,Divorces,
2021,24.777103167101064,15.653179154548809,4.110491746607899,
