Year,Birth Rate,Mortality Rate,Divorces,
2021,13.989523006048332,9.091715165625116,3.3031262066248206,
2022,14.507107830719113,19.36099188477817,3.2233113160031515,
