Year,Birth Rate,Mortality Rate,Divorces,
2021,7.946334547721817,9.113054267429442,3.1418668602693636,
2022,8.325056761236253,9.433381366819562,2.939492117575074,
2023,8.1782555214725,10.588708332178753,2.5616238412566523,
