Year,Birth Rate,Mortality Rate,Divorces,
2021,9.180835919382513,8.108863513478582,2.3863675327268017,
2022,8.809009550015707,8.225881631497451,3.1492153975204333,
2023,9.022801070080785,8.561968511171143,3.0871280195052315,
