Year,Birth Rate,Mortality Rate,Divorces,
2021,10.15764879867777,10.345178068553002,2.786826060324379,
2022,11.001306603642773,9.40875268104154,3.5490958617060326,
2023,10.411460263993693,9.454173994155926,2.1835637223338797,
