Year,Birth Rate,Mortality Rate,Divorces,
2021,79.11400189358042,14.574595449076353,2.7425882994121373,
2022,77.3713350006248,16.578075334638044,2.9214516453775743,
2023,80.14978444870664,15.114779975020955,2.1691593423671907,
