Year,Birth Rate,Mortality Rate,Divorces,
2021,10.227090382337067,9.41426934159322,2.1194604697455692,
2022,9.974011071483664,9.924627709426984,1.6343727911354597,
2023,10.102201936370832,10.211347015556807,2.1410058288456533,
