Year,Birth Rate,Mortality Rate,Divorces,
2021,11.54534612678382,10.72093979699064,0.0,
