Year,Birth Rate,Mortality Rate,Divorces,
2021,8.7187998078715,9.560246820050885,1.8746224006927734,
2022,8.37276824244901,9.78633297715658,1.9772922484273576,
2023,8.450392874386043,10.272380995157732,1.6109157371198313,
