Year,Birth Rate,Mortality Rate,Divorces,
2021,10.431118016099084,7.844305356924344,1.867676098670959,
2022,10.611042525219393,9.905826321211041,1.8296708519822613,
2023,10.297808348905745,10.130363002408053,2.5594624568277045,
