Year,Birth Rate,Mortality Rate,Divorces,
2021,28.366286036504352,15.406862357870079,1.850814785185636,
2022,27.952907922428626,16.30428221883673,1.507487545436135,
2023,26.82628543969066,16.330088942384805,2.0643627225445136,
