Year,Birth Rate,Mortality Rate,Divorces,
2021,10.020207312363286,14.773500862122068,2.3833357924705294,
2022,10.34376494277188,15.671234065278163,2.415681799774064,
2023,10.005220463225902,17.22535498606353,2.1134086009429307,
