Year,Birth Rate,Mortality Rate,Divorces,
2021,11.11455348539028,15.237818018710236,2.2971491735085494,
2022,11.17915294840659,16.003230608084692,2.3406650849375072,
2023,9.970160609172437,16.963191425476268,2.1638619774071044,
