Year,Birth Rate,Mortality Rate,Divorces,
2021,27.725299650024127,14.955983728406318,2.6856380308478363,
2022,26.863934667954315,15.859473967252182,2.7000603017726115,
2023,26.58456578488165,17.085717840819513,2.423071675327183,
