Year,Birth Rate,Mortality Rate,Divorces,
2021,19.381857180918605,15.001736580679086,2.2838693881831746,
2022,17.899705903622458,16.74552317190374,2.451160844091552,
2023,17.459065664634288,16.812751591909183,2.368573600288609,
