Year,Birth Rate,Mortality Rate,Divorces,
2021,8.872310045368726,10.888935054774588,1.9406988947285073,
2022,8.86847782278445,10.93810072844554,2.071339706447429,
2023,8.736322472736571,10.747484028446138,2.0887678269996015,
2024,9.375111226248674,11.329100617831049,2.0658886713714946,
2025,8.863021821837222,11.136094844555032,2.121371439254421,
2026,8.188959101636991,11.412375500358632,2.035264872819725,
2027,8.967314271868837,11.674386043127992,1.2819067366107253,
2028,7.448732210054873,10.78598412397105,1.9242697322854747,
