Year,Birth Rate,Mortality Rate,Divorces,
2021,10.711171190243892,15.83771071195519,2.542079866678412,
2022,10.44492134452569,17.218170492098494,2.0654851847975393,
2023,9.945323559638194,17.774784858730996,2.209728092087787,
