Year,Birth Rate,Mortality Rate,Divorces,
2021,9.899252710311824,10.958956664468065,1.7927512520915887,
2022,9.842958075487868,11.00636308832067,1.992146956538456,
2023,9.76756475095187,10.714970990617132,2.0147947836574063,
