Year,Birth Rate,Mortality Rate,Divorces,
2021,10.489542762057967,15.142273377300924,2.2146758171159435,
