Year,Birth Rate,Mortality Rate,Divorces,
2021,9.976141094498859,11.524642288918287,2.1316626868219197,
2022,10.245791234631499,11.152003989695212,2.069930973098974,
2023,10.234017144288984,10.762135252805857,1.55608691505135,
