Year,Birth Rate,Mortality Rate,Divorces,
2021,27.654183957336784,14.773554812582123,2.1441646994767662,
2022,25.435893739569163,16.433179241034736,2.09472781746838,
2023,25.749202524378994,17.025933425933356,2.083955918274762,
