Year,Birth Rate,Mortality Rate,Divorces,
2021,53.74830721263511,14.410794407957262,3.076839388249284,
2022,53.19083545886892,16.267755826785905,2.8832883614509703,
2023,50.848287130699504,17.818451420322795,3.0122124198416813,
