Year,Birth Rate,Mortality Rate,Divorces,
2021,10.527403150474802,15.638038479498759,1.999442077434487,
2022,10.808951485732068,16.012840657332983,2.4197127151816873,
2023,9.862224304483066,16.844986662455035,1.8712496088738184,
