Year,Birth Rate,Mortality Rate,Divorces,
2021,11.129852546553948,15.510428418192742,2.4876476390122013,
2022,9.754967197629568,15.997390054332838,2.0891084247497544,
2023,10.03102525447787,16.788605019725757,2.501111678528546,
