Year,Birth Rate,Mortality Rate,Divorces,
2021,32.94492087600629,17.310076463118577,3.2983896159342896,
2022,31.599752403327937,12.979083133757973,1.6227247292715843,
2023,26.90603787131862,11.08639509129657,1.5904876820997726,
