Year,Birth Rate,Mortality Rate,Divorces,
2021,27.344771614839004,15.335230827343832,2.369009692568892,
2022,27.355402229650633,17.09734955939207,2.653506447952483,
2023,26.337324369329963,17.43936307280519,2.5813330928634386,
