Year,Birth Rate,Mortality Rate,Divorces,
2021,30.63904988210217,14.744814070054197,2.568638137970445,
2022,28.631117530510387,15.511928528490927,2.811533719278035,
2023,27.891021746390535,16.50856661468072,2.7613834359318514,
