Year,Birth Rate,Mortality Rate,Divorces,
2021,10.964423639538198,15.114290452557508,2.301000727510923,
2022,10.26555867545973,15.264860735532592,2.270519905316214,
2023,10.965549833561468,17.12435676523431,2.100314885994388,
