Year,Birth Rate,Mortality Rate,Divorces,
2021,27.589055159474437,15.546577735891836,2.2265985800298935,
2022,25.93915131419987,15.813274177673033,2.0873961830315073,
2023,25.578011606402015,16.769788853173278,2.3265906051277794,
