Year,Birth Rate,Mortality Rate,Divorces,
2021,27.16881082635403,15.092065396220665,1.9747429400689265,
2022,27.160451655267494,15.162163711586789,2.1677114941270763,
2023,26.42564893325842,16.42423407859826,2.0490585646972606,
