Year,Birth Rate,Mortality Rate,Divorces,
2021,10.202109923548367,15.259446996620085,2.090447343023386,
2022,10.932343525740965,15.884469195224,2.2336901318316644,
2023,10.182031718064792,16.341573801890103,2.11648998475517,
