Year,Birth Rate,Mortality Rate,Divorces,
2021,11.72828435010314,15.577452481392509,2.289130435647984,
2022,9.968948622582444,16.424344497082068,2.2082597357766764,
2023,10.491853620393888,16.32754725247164,2.273542418949227,
