Year,Birth Rate,Mortality Rate,Divorces,
2021,11.087114341143604,15.476267092621317,2.3425134096906297,
2022,10.163154382269536,15.625820038456347,2.42697141365471,
2023,9.993406085484564,17.609311546390693,2.1118964303759333,
