Year,Birth Rate,Mortality Rate,Divorces,
2021,10.330612647771009,11.69992283091344,2.0228790115167707,
2022,9.80579386941204,11.0471630313251,1.6703821475967484,
2023,10.443994392474991,10.933052281285516,1.9463128160061571,
