Year,Birth Rate,Mortality Rate,Divorces,
2021,26.554800363130447,14.39331816980894,2.344132935087223,
2022,25.598463902527044,16.512264841708156,2.830228906584971,
2023,24.089099755653493,17.091676110145276,2.611026650766796,
