Year,Birth Rate,Mortality Rate,Divorces,
2021,27.861156929757346,14.671691083369563,2.095221768865992,
2022,26.038032432367334,16.399100071375507,2.1188128686489813,
2023,25.898629129617852,15.94893518175513,1.8683063567390452,
