Year,Birth Rate,Mortality Rate,Divorces,
2021,27.850276073674102,14.60461909215448,2.7340700188812708,
2022,26.547381113432596,16.045901288008796,2.6988368462151815,
2023,25.899332141640723,17.093934605868267,2.491294027661674,
