Year,Birth Rate,Mortality Rate,Divorces,
2021,10.041284044092777,11.046313484049922,2.0764101358737928,
2022,9.96665668565857,11.156607906733583,1.7103305289374136,
2023,9.291686521831654,11.50762871852525,1.7933794785994643,
