Year,Birth Rate,Mortality Rate,Divorces,
2021,27.01137457012612,15.628599532899086,2.2537064710996084,
2022,27.40251828970723,16.134665491514614,2.2453623027677185,
2023,25.11336182669433,17.815567830385824,2.12197250927879,
