Year,Birth Rate,Mortality Rate,Divorces,
2021,9.911023332412404,11.079224169233404,2.0642974050066516,
2022,9.641089852019983,10.722581804432643,1.8452033985883498,
2023,9.761089950959862,10.778486321749575,2.281219847661721,
