Year,Birth Rate,Mortality Rate,Divorces,
2021,35.31373224062717,15.545188194012256,2.1784259062180844,
2022,35.927145382429984,15.999471008179217,2.702593194436072,
2023,34.92532781763911,16.537053753022775,2.4617316374522575,
