Year,Birth Rate,Mortality Rate,Divorces,
2021,10.904262594193272,15.025320569470527,2.2369319048261898,
2022,9.672854787243319,14.932618629171255,2.3767523549685756,
2023,9.89009945683045,16.90982206256128,2.34772151141636,
