Year,Birth Rate,Mortality Rate,Divorces,
2021,10.78222193911295,15.362366381244717,2.10423699766715,
2022,10.697827786491201,15.855560958097925,2.2331870416546455,
2023,10.186127598701209,16.428066514502856,2.47597618854788,
