Year,Birth Rate,Mortality Rate,Divorces,
2021,50.82344610071285,15.1964899666578,2.371924560608913,
2022,48.57963662583589,16.076685780252024,2.119838101368919,
2023,47.41370348857422,17.20526801702293,2.0724162670253814,
