Year,Birth Rate,Mortality Rate,Divorces,
2021,11.277358034678937,15.771198533981073,2.1577011108452084,
2022,10.13137993290714,15.720449733341283,2.45720101677677,
2023,10.204861793902383,16.397199978832496,2.3346840449135993,
