Year,Birth Rate,Mortality Rate,Divorces,
2021,10.569232943627037,15.055094466017358,2.316253228931845,
2022,11.12854142775049,16.195142918618437,2.338346192944464,
2023,10.191666995337263,17.001525667356717,2.4643999862408186,
