Year,Birth Rate,Mortality Rate,Divorces,
2021,8.03441232064709,12.078744923899873,1.6151791629498637,
