Year,Birth Rate,Mortality Rate,Divorces,
2021,63.517378174818816,15.247727671280394,3.8920789273584493,
2022,61.5296398561866,15.87511487919752,2.7574653094462556,
2023,61.546803449593,16.490314715770214,2.878697278266732,
