Year,Birth Rate,Mortality Rate,Divorces,
2021,10.952527612712728,14.937458052240885,2.3982688164878305,
