Year,Birth Rate,Mortality Rate,Divorces,
2021,14.108494477438686,15.072323105035645,1.7336181731653004,
2022,13.472321115423108,15.825987479201398,1.967433800165036,
2023,13.348581192523795,16.9590832264685,1.7891469761528493,
