Year,Birth Rate,Mortality Rate,Divorces,
2021,10.815381448869063,15.281276129937622,2.064798246763023,
2022,9.764198518605196,16.093480040000173,2.3515581539714976,
2023,9.927529865153687,16.713898071877175,2.2965046217707794,
