Year,Birth Rate,Mortality Rate,Divorces,
2021,28.49794032034753,15.41409423843632,2.200168794934876,
2022,26.508472781981965,16.470136893352958,2.242252428944167,
2023,26.13954053579192,16.61164692483318,2.2206763095626516,
