Year,Birth Rate,Mortality Rate,Divorces,
2021,54.01194034952181,15.147998253407879,2.59818409585217,
2022,54.07093976765609,17.040592768469324,2.704994154119609,
2023,50.336165938993126,16.977955986238108,2.6034419507587616,
