Year,Birth Rate,Mortality Rate,Divorces,
2021,50.761924498773155,14.917459043369124,2.6892977540009553,
2022,47.88360719873915,16.323076217134727,2.4298081028175202,
2023,43.38635712907839,17.18829607973246,2.4626581388738926,
