Year,Birth Rate,Mortality Rate,Divorces,
2021,9.392761712613328,8.926348371640943,3.082524285325354,
2022,9.329824738680813,8.690523041602152,2.6360412844118857,
2023,8.705421574340248,9.271320810384989,2.937733984757008,
