Year,Birth Rate,Mortality Rate,Divorces,
2021,8.479986002038263,7.5982799138625206,1.562715501594159,
