Year,Birth Rate,Mortality Rate,Divorces,
2021,10.577035772849307,9.999122448476811,2.4467373728431694,
2022,10.355737658750122,9.580261498405015,3.1683840703032127,
2023,10.71978705904966,11.204755269430716,2.0719895921453553,
