Year,Birth Rate,Mortality Rate,Divorces,
2021,9.295513735609031,9.412370606586855,2.5363289106421774,
2022,8.87710077475149,9.232483989203882,2.381905360636291,
2023,9.044151316818093,8.896778661880171,2.540183927648737,
