Year,Birth Rate,Mortality Rate,Divorces,
2021,7.294666847855227,15.350168973416514,2.0387022935827073,
2022,6.679873397222281,16.342490683675656,2.32605950819739,
2023,6.923250911315706,16.972838822165645,2.6738652929784292,
