Year,Birth Rate,Mortality Rate,Divorces,
2021,8.540085824559707,8.988546364908304,2.4624635803850583,
2022,8.17557227307279,9.390126407097933,3.0934899168418912,
2023,8.720818162680505,9.557983501318805,3.0877898467795175,
