Year,Birth Rate,Mortality Rate,Divorces,
2021,8.946097958715045,8.946476370279347,3.5768648291990264,
2022,9.116575826322883,10.074653954983525,3.7532741219773507,
2023,8.70435890379201,10.524249703935034,1.7410401540343559,
