Year,Birth Rate,Mortality Rate,Divorces,
2021,7.725802726292376,9.72560974602658,2.3563721136304885,
2022,8.098141533146732,9.955607854229559,2.5169565230841293,
2023,7.927710714220902,9.949832708605872,2.2136028937158008,
