Year,Birth Rate,Mortality Rate,Divorces,
2021,27.566885797109123,14.41500556829628,2.528611263830323,
2022,25.635176579969936,16.185631209717002,2.771954769866298,
2023,23.968111656467723,16.552469760510615,2.8980671166826073,
