Year,Birth Rate,Mortality Rate,Divorces,
2021,7.665336589121429,9.550311878905921,2.5959465664583052,
2022,8.153197465628377,9.815569577511866,2.5165110471322425,
2023,7.961344541792036,10.803099714505423,2.332738480152,
