Year,Birth Rate,Mortality Rate,Divorces,
2021,10.34549448950553,15.134793751059732,1.193331386372365,
