Year,Birth Rate,Mortality Rate,Divorces,
2021,9.746238872566966,9.109840185663032,2.0820930493770393,
2022,10.000104900827722,9.666373729866487,2.212388526950101,
2023,9.952160133598953,9.779566206021869,2.391283739184657,
