Year,Birth Rate,Mortality Rate,Divorces,
2021,8.689849653281641,9.799161472699614,2.9685552294286377,
2022,8.343430582826016,9.283838736377431,2.977194932613495,
2023,8.510703624484085,10.571406854198395,2.9077479727032296,
