Year,Birth Rate,Mortality Rate,Divorces,
2021,4.962841389716873,20.71892703514009,2.487604259079088,
