Year,Birth Rate,Mortality Rate,Divorces,
2021,8.188395002686796,9.063032681811238,3.169866894615498,
2022,7.777648499091461,9.650709252129827,2.5468159715174825,
2023,7.977220216905798,10.911297116137728,2.85705178714456,
