Year,Birth Rate,Mortality Rate,Divorces,
2021,10.256101131290691,9.256430123960051,1.7786863287751262,
2022,10.506815313716855,9.80906150737556,2.361981503542237,
2023,9.967576836566185,10.277291379048892,1.908236197035724,
