Year,Birth Rate,Mortality Rate,Divorces,
2021,8.753968638138325,7.796372290337388,2.9173258247503018,
2022,8.636397859236546,8.641503720356829,2.8616229434622893,
2023,8.881332229984894,9.110611087535014,2.234958160615515,
