Year,Birth Rate,Mortality Rate,Divorces,
2021,9.109759924882347,8.84070609217347,2.595213076026433,
2022,8.50418281893827,9.447922713538794,2.4195361141059855,
2023,8.89798069765833,9.712986957400904,2.582660490891999,
