Year,Birth Rate,Mortality Rate,Divorces,
2021,34.257826285267285,15.668782752759451,2.2466434642477036,
2022,33.99373124394985,15.774729752172998,2.2656594264252914,
2023,30.59323809976053,15.821502709256901,2.2035852321274767,
