Year,Birth Rate,Mortality Rate,Divorces,
2021,9.696970721416905,19.790299556098546,0.7979801606920891,
