Year,Birth Rate,Mortality Rate,Divorces,
2021,8.439922604869086,7.502595945117431,3.754037507689474,
2022,8.623381460971299,8.489907264927158,1.5929178185093666,
2023,8.134564453002584,8.527394539090402,3.1516916192050344,
