Year,Birth Rate,Mortality Rate,Divorces,
2021,10.860656384581967,15.475220069507392,2.3163311958881367,
2022,10.328964520643485,16.46557721546559,2.402446792898938,
2023,10.41004931582195,16.493550459633465,2.591034730695911,
