Year,Birth Rate,Mortality Rate,Divorces,
2021,10.869407808726512,8.963840250128188,2.568375454838487,
2022,11.572758593292534,9.433565888285942,2.268956674887409,
2023,11.185509923788516,10.044984741809404,1.9956171003620082,
