Year,Birth Rate,Mortality Rate,Divorces,
2021,11.40434085631297,9.414853636230998,2.0556300241961245,
2022,11.64538102114542,9.783871868011042,1.9974150392175034,
2023,11.510574902297607,9.545129206773954,2.4832875445812044,
