Year,Birth Rate,Mortality Rate,Divorces,
2021,9.117983576716046,9.593678580837187,3.06908995317811,
2022,8.61873312382303,8.8087252843027,1.685230684032166,
2023,8.612444130399545,9.349741810746469,2.2859686823326735,
