Year,Birth Rate,Mortality Rate,Divorces,
2021,1.1851094735520398,0.0,0.5965446498150209,
2022,0.7824884294412011,0.3905141694919183,1.9585800409398337,
