Year,Birth Rate,Mortality Rate,Divorces,
2021,9.945530853940134,19.903382110335148,0.8291873963515755,
2022,5.743763264856984,21.375591797835895,0.819672131147541,
