Year,Birth Rate,Mortality Rate,Divorces,
2021,1.1851094735520398,19.4415540012198,0.5965446498150209,
2022,0.7824884294412011,19.557928941574552,1.9585800409398337,
