Year,Birth Rate,Mortality Rate,Divorces,
2021,7.622282463495059,12.60375321298615,1.321661603536018,
2022,10.152183853332868,15.37978972171128,1.633372624987175,
