Year,Birth Rate,Mortality Rate,Divorces,
2021,11.381362335688975,9.28950994665153,2.29445599818388,
2022,10.887675482684209,9.6540619901246,2.51596007060149,
2023,10.688701091722354,10.014596093881659,2.499447575014614,
