Year,Birth Rate,Mortality Rate,Divorces,
2021,35.40021887580465,14.654391812149571,2.3923475298146446,
2022,33.14298273594554,16.156890398930813,2.38060608995064,
2023,31.422627392289055,16.58604865446501,2.9305378600816065,
