Year,Birth Rate,Mortality Rate,Divorces,
2021,9.919729371091764,12.34316854599306,1.6577014763367064,
