Year,Birth Rate,Mortality Rate,Divorces,
2021,8.451670840711026,9.224393278324838,2.3642685968253248,
2022,8.280505974903795,9.711439277203425,2.9978758326783583,
2023,8.610891347943582,9.835261328848421,2.306619139615167,
