Year,Birth Rate,Mortality Rate,Divorces,
2021,8.627642617644705,8.599696002448937,3.295529972008905,
2022,8.645019183929948,8.555494924695715,2.6338000843976603,
2023,8.828708863510883,8.27023337692298,2.639337111986635,
