Year,Birth Rate,Mortality Rate,Divorces,
2021,9.276034633131175,9.239069957678614,2.7626833423462513,
2022,9.234837629801127,9.4781302193425,2.6071889830198574,
2023,8.604479235179696,9.186575499142098,2.593239488054702,
