Year,Birth Rate,Mortality Rate,Divorces,
2021,9.199570848000802,8.619597983566827,2.874991471509274,
2022,9.077523499865947,8.897700075935292,2.2474605765103424,
2023,8.775652695089036,9.136743491435599,2.5673710258979754,
