Year,Birth Rate,Mortality Rate,Divorces,
2021,10.905355437143951,14.511459537074293,2.3292735471593717,
2022,10.681595660672276,16.102279585670843,2.3885699867666994,
2023,10.645567332507943,15.86756530445753,2.294053677937232,
