Year,Birth Rate,Mortality Rate,Divorces,
2021,9.631373388451326,10.923670544364265,2.081496200892103,
2022,9.895663021465607,10.578326590812141,1.9302397505432207,
2023,9.98117812909484,10.626452219025497,1.8351661044998009,
