Year,Birth Rate,Mortality Rate,Divorces,
2021,9.58807386972568,14.493486243290343,0.8006405124099278,
2022,6.068301084213603,8.329196867768514,0.7385524372230429,
2023,12.075472954549078,12.77573028774672,0.0,
2024,5.41500806625652,13.439938547590016,2.001016188705561,
