Year,Birth Rate,Mortality Rate,Divorces,
2021,9.236438623534294,8.040624558203046,3.3351096023877655,
2022,9.099567498501264,8.341431259611912,2.159819766195945,
2023,8.795702965415483,8.570097736197628,2.855117177319363,
