Year,Birth Rate,Mortality Rate,Divorces,
2021,11.393729565052539,18.75275729314558,0.7757951900698216,
