Year,Birth Rate,Mortality Rate,Divorces,
2021,8.53553130149518,9.678426472943599,2.0700272067097365,
2022,8.2848926650495,9.98544726258803,1.9293001383203936,
2023,8.404493573499606,9.932720257006334,2.0372158061338492,
