Year,Birth Rate,Mortality Rate,Divorces,
2021,9.497742212514975,8.63890908661143,2.400249742080408,
2022,9.06346870683959,8.50007026253709,3.1784001475910864,
2023,8.300627032200827,10.217635322059811,3.1036114869189513,
