Year,Birth Rate,Mortality Rate,Divorces,
2021,8.67305613305556,8.943361452599785,2.915141418060418,
2022,8.64258057484784,10.103649340984289,3.059132646317479,
2023,8.750631440568021,9.858292326828156,2.350255983912465,
