Year,Birth Rate,Mortality Rate,Divorces,
2021,7.411497313611409,15.64830851633579,2.448959239588227,
2022,7.487555863241921,15.590951357981652,2.2997249974305163,
