Year,Birth Rate,Mortality Rate,Divorces,
2021,10.873723059199424,15.386310794990328,2.103710265088119,
2022,10.570060227642141,15.907791532195034,2.4546420937535243,
2023,10.937365244234684,16.891655797932533,2.460864729919681,
