Year,Birth Rate,Mortality Rate,Divorces,
2021,0.0,4.9504950495049505,0.0,
2022,4.608294930875576,4.385964912280701,0.0,
