Year,Birth Rate,Mortality Rate,Divorces,
2021,10.596376878252812,15.213608512117235,2.5529908983713296,
2022,10.445053743060683,16.678973095392834,2.178164985983102,
2023,9.635102348567507,15.676091369581528,2.4730777310460335,
