Year,Birth Rate,Mortality Rate,Divorces,
2021,9.945530853940134,19.903382110335148,0.8291873963515755,
2022,10.62576475489146,14.754357323603791,1.6367149176117624,
