Year,Birth Rate,Mortality Rate,Divorces,
2021,8.011798300286019,9.586149713541802,2.63835061744051,
2022,8.368242073672366,9.990756473458166,2.483430609481331,
2023,7.770721136013933,10.289194475694808,2.575444163544948,
