Year,Birth Rate,Mortality Rate,Divorces,
2021,26.951042477875458,15.46475305704222,2.7754820154778166,
2022,26.467029395908018,16.279408026809328,2.8229957842326714,
2023,26.138544279831777,16.187893704491653,2.5912722351136517,
