Year,Birth Rate,Mortality Rate,Divorces,
2021,8.079952090782983,6.418101903140406,1.59878640482013,
2022,8.909864897983335,4.514328318504015,1.492171108963542,
