Year,Birth Rate,Mortality Rate,Divorces,
2021,6.978609862363635,14.61831333853277,2.0774402743870453,
2022,6.7047090273122905,15.93257581935873,2.1825522374748316,
2023,6.609440773881591,16.819119563462145,2.1687148681910564,
