Year,Birth Rate,Mortality Rate,Divorces,
2021,9.141178975109689,9.669925061093842,2.2823384764005863,
2022,8.735065161140154,10.042995486272975,2.0788472554761537,
2023,8.327853963772561,10.052619312757992,1.9330413969854745,
