Year,Birth Rate,Mortality Rate,Divorces,
2021,9.24059780393948,9.240805655624559,3.3346230773205745,
2022,8.639264337552671,9.326734914365948,2.4902935636267443,
2023,8.616857057089074,9.23405540618312,2.720306340442547,
