Year,Birth Rate,Mortality Rate,Divorces,
2021,8.281545543865997,9.017413510940257,1.7435394438400764,
2022,8.557930234807557,10.13846736570769,2.135887308139309,
2023,8.19006230364807,10.096048712267212,1.7320999386292402,
