Year,Birth Rate,Mortality Rate,Divorces,
2021,10.244947658762182,9.345530201628577,3.055672124103778,
2022,10.847670145520413,9.654074881715731,2.30235806744547,
2023,10.43417522586252,9.910045050148241,2.226006214189177,
