Year,Birth Rate,Mortality Rate,Divorces,
2021,10.974705411792002,14.995334132262789,2.3564337160342137,
