Year,Birth Rate,Mortality Rate,Divorces,
2021,10.991255611160817,15.223842146174745,2.487131982047858,
2022,10.170451534882435,16.01066543308505,2.2431689963122707,
2023,10.147165938015855,16.67485679394966,2.434670835240226,
