Year,Birth Rate,Mortality Rate,Divorces,
2021,27.55849037919879,14.616416820536685,2.505186035483186,
2022,26.644768348997715,16.705788139282586,2.773115644534652,
2023,24.747724913218054,16.456989602386834,2.8963163541555677,
