Year,Birth Rate,Mortality Rate,Divorces,
2021,9.195928317417449,9.255353201170815,3.1323910209732846,
2022,8.712216154159421,9.74794660891008,3.2109780306103692,
2023,9.375745307568526,9.878935801162246,2.7795721382441894,
