Year,Birth Rate,Mortality Rate,Divorces,
2021,28.36464395804684,14.358945811268702,2.1611635569694805,
2022,26.91192549804647,15.894377630911373,1.9706962116092201,
2023,25.620036505244776,16.68485561198505,2.0820218748066464,
