Year,Birth Rate,Mortality Rate,Divorces,
2021,10.877004963485543,15.054978463729565,2.3219202821306473,
