Year,Birth Rate,Mortality Rate,Divorces,
2021,7.8150591278285315,9.622582004961924,1.7359611639713377,
2022,7.590528012664841,9.81745707914521,1.8040568217850994,
2023,7.536002436920716,9.58393190794989,1.7335455452740856,
