Year,Birth Rate,Mortality Rate,Divorces,
2021,10.978061332519323,8.908811259035929,2.3259753459878123,
2022,11.362889461489265,10.177744103250356,2.6896531546556357,
2023,11.033326779827622,9.09008556007831,2.2241610576980375,
