Year,Birth Rate,Mortality Rate,Divorces,
2021,8.611152818979233,9.596746141409099,2.0299846507628607,
2022,8.420895906486876,10.555221374931632,2.422399272932599,
2023,8.32972000266645,10.194470985834602,2.355189128438743,
