Year,Birth Rate,Mortality Rate,Divorces,
2021,10.238545678124341,8.979200098888517,1.6981057543099853,
2022,10.023280741144701,9.1668680466933,1.8818701904106052,
2023,10.264159635427411,10.471180024948495,1.7311953551985912,
