Year,Birth Rate,Mortality Rate,Divorces,
2021,8.285648686486015,8.952310557180624,2.5540443108633446,
2022,7.975839276143661,10.048066613440872,2.073608121794817,
2023,8.106720929406086,9.623455189036324,2.400897761992908,
