Year,Birth Rate,Mortality Rate,Divorces,
2021,9.600397245194818,6.670786993060895,2.1302181454389184,
2022,9.635474703545555,7.803269897374404,2.869916046539228,
2023,9.14052881340971,7.098127163187422,4.824181667825942,
