Year,Birth Rate,Mortality Rate,Divorces,
2021,11.101739142407846,15.25932432101244,2.61981372805688,
2022,10.325364488807818,16.109333154178582,2.127550538851489,
2023,10.441230072855332,16.8758593344783,2.1530169683797302,
