Year,Birth Rate,Mortality Rate,Divorces,
2021,8.613791344208158,8.49592934716867,0.7880220646178093,
2022,12.931354820888073,13.71550273242008,0.6988120195667366,
2023,13.670746150931533,8.608941065714056,0.66711140760507,
2024,9.072332755773148,9.07467811030896,2.4330561442927956,
2025,11.264768278202851,10.669879231747052,1.6453491863327931,
