Year,Birth Rate,Mortality Rate,Divorces,
2021,9.88835476290633,18.907351709538737,3.289608713302654,
