Year,Birth Rate,Mortality Rate,Divorces,
2021,8.77839620058245,9.993012048178302,2.20465612811178,
2022,8.72154692421433,9.928170483064136,2.331445275165738,
2023,8.836362116019107,10.756789643149416,2.244870977107843,
