Year,Birth Rate,Mortality Rate,Divorces,
2021,10.800811312264218,9.428867979293404,2.2997703394765954,
2022,11.765061668321055,9.352201621180978,2.1546423766845795,
2023,10.765895332512352,9.379710525687184,2.0463596140584728,
