Year,Birth Rate,Mortality Rate,Divorces,
2021,11.529693380576722,16.47750237395614,0.8305647840531561,
2022,12.204442412890845,19.489925740552543,0.0,
