Year,Birth Rate,Mortality Rate,Divorces,
2021,4.7962554517644325,12.013400748688499,0.8071025020177562,
2022,9.894573421526552,15.232861166028957,1.4871277757875694,
2023,9.262663939261286,11.463500733171543,0.7163323782234957,
2024,10.800557195097483,10.730832419724688,1.3333813350613957,
