Year,Birth Rate,Mortality Rate,Divorces,
2021,10.15694962042594,9.034985822648196,3.1014393698849023,
2022,10.425646461409361,9.629708090330764,2.0389495062659146,
2023,10.411460057275505,9.753268735332117,2.3624552342775864,
