Year,Birth Rate,Mortality Rate,Divorces,
2021,62.8450228963987,14.28465418089516,2.381121526729101,
2022,59.66656565817725,18.302747426821227,2.523023682242019,
2023,57.31319987859748,16.31211960759628,3.2542192209446283,
