Year,Birth Rate,Mortality Rate,Divorces,
2021,9.109759924882347,8.84070609217347,2.595213076026433,
2022,9.238972472969236,9.273874600594613,2.651886273666527,
2023,9.046739515035592,10.056027514519425,2.603035345322855,
