Year,Birth Rate,Mortality Rate,Divorces,
2021,8.696643335330915,7.825977261573544,2.7082809210872267,
2022,8.773798113938376,8.581617116897958,2.2919306373481514,
2023,8.750203782697303,9.408757455265903,2.6309898966598313,
