Year,Birth Rate,Mortality Rate,Divorces,
2021,69.83581185602687,11.558203883041191,1.6280148423005567,
