Year,Birth Rate,Mortality Rate,Divorces,
2021,10.295288654864143,8.874098812199316,2.492515526622863,
2022,10.087316073303894,9.94070010894166,2.2128100610610817,
2023,10.009082573079008,10.194378896279561,2.203283355997632,
