Year,Birth Rate,Mortality Rate,Divorces,
2021,10.515837207081768,9.469248078810882,2.9983539601525493,
2022,10.10643596142932,9.926084478831115,2.8223835210429087,
2023,10.451023798125682,9.641989924646785,2.470889820754908,
