Year,Birth Rate,Mortality Rate,Divorces,
2021,8.917403814188992,8.814005120954684,2.874398328080112,
2022,8.415254473292544,8.515854597414437,2.708918265024614,
2023,8.411834876220931,9.503178389852907,2.193318172549721,
