Year,Birth Rate,Mortality Rate,Divorces,
2021,11.215905782132385,15.030086501362705,2.3175781773000206,
2022,10.521530928808728,16.246381867854755,2.156101312927324,
2023,9.709126748527353,16.344486416051996,2.1300752694145713,
