Year,Birth Rate,Mortality Rate,Divorces,
2021,9.905269600837553,13.866707671891405,2.64467347517481,
