Year,Birth Rate,Mortality Rate,Divorces,
2021,8.687573888275345,9.452102758753455,2.6487707726697174,
2022,9.028672517790982,9.756577200868843,2.446575472396931,
2023,8.775881502731512,9.556356959045962,3.2046107030656015,
