Year,Birth Rate,Mortality Rate,Divorces,
2021,2.5820834589173165,8.726493303368967,0.9965421190138577,
2022,3.334728755523872,11.953956590697796,0.9818269792591787,
