Year,Birth Rate,Mortality Rate,Divorces,
2021,9.53377716550452,9.378548472137437,2.46302549437755,
2022,8.942179141827834,9.99770762906924,2.448169874821089,
2023,8.750079828020926,9.996627775652225,2.441646573179595,
