Year,Birth Rate,Mortality Rate,Divorces,
2021,7.140381652475036,9.609520680326748,1.8388103550762553,
2022,7.419516690025798,10.009594577550935,1.8802146685284675,
2023,7.633263518479338,9.941109227411653,1.7050039045732026,
