Year,Birth Rate,Mortality Rate,Divorces,
2021,8.829751388447274,9.655517965083218,0.8012820512820512,
2022,9.010606038250506,15.034133868357571,0.0,
