Year,Birth Rate,Mortality Rate,Divorces,
2021,8.525235204144428,9.337416628600678,1.943493795018281,
2022,8.334842359775426,11.53579550717796,1.9614117259669366,
2023,8.591336333204755,9.598537660450933,2.184612478620918,
