Year,Birth Rate,Mortality Rate,Divorces,
2021,8.669568977057077,9.080388621452093,2.8721738659822824,
2022,8.85776790887876,8.855680558293772,2.950536284620808,
2023,8.77221009536306,9.220179069716368,2.7837743608744154,
