Year,Birth Rate,Mortality Rate,Divorces,
2021,10.527344534694194,8.567101258754338,1.9548880181179076,
2022,10.791913861238967,9.051149617394572,2.257840924727679,
2023,10.801987770552731,10.632701438475593,2.2107911354281113,
