Year,Birth Rate,Mortality Rate,Divorces,
2021,11.061823354986913,14.94362082433814,2.250257404621773,
2022,10.827238287604054,15.506572180779164,2.546467727784907,
2023,10.048655708142853,16.79546112647431,2.528338923919904,
