Year,Birth Rate,Mortality Rate,Divorces,
2021,9.085644776484052,9.120372165956352,2.709831455408811,
2022,8.950504946788502,8.777369966753527,2.6572823638858987,
2023,9.584525620349766,9.173137236935483,2.4049379902646035,
