Year,Birth Rate,Mortality Rate,Divorces,
2021,8.163760691544681,8.027003881475366,5.08550873105426,
2022,8.71334808969213,8.4486959718641,3.1691573706032408,
2023,9.120199861493273,8.470004204831012,3.909396621317609,
