Year,Birth Rate,Mortality Rate,Divorces,
2021,9.614604633761108,14.259352551121628,0.991955329673295,
2022,9.838556225202522,14.427442293183823,1.315790755076696,
