Year,Birth Rate,Mortality Rate,Divorces,
2021,9.926259590412377,9.35790002917768,2.379953273823092,
2022,10.283282539623675,10.285308622860603,1.955692394173013,
2023,10.564605609779631,9.981811465683275,2.0120244302560546,
