Year,Birth Rate,Mortality Rate,Divorces,
2021,9.074014403116246,16.504005664563415,2.47805513166061,
