Year,Birth Rate,Mortality Rate,Divorces,
2021,9.638911894876594,6.96108085039564,5.624230013971294,
2022,9.535456724344998,8.742425422553042,2.9115482119173874,
2023,9.429104858405223,8.643751352346232,2.3532894235977895,
